Order_ID,Order_Date,Region,Category,Segment,Sales,Profit
1001,2023-01-01,East,Technology,Consumer,500,100
1002,2023-01-02,West,Furniture,Corporate,525,108
1003,2023-01-03,North,Office Supplies,Home Office,550,116
1004,2023-01-04,South,Technology,Consumer,575,124
1005,2023-01-05,East,Furniture,Corporate,600,132
1006,2023-01-06,West,Technology,Consumer,625,140
1007,2023-01-07,North,Furniture,Corporate,650,148
1008,2023-01-08,South,Office Supplies,Home Office,675,156
1009,2023-01-09,East,Technology,Consumer,700,164
1010,2023-01-10,West,Furniture,Corporate,725,172
1011,2023-01-11,North,Technology,Consumer,750,180
1012,2023-01-12,South,Furniture,Corporate,775,188
1013,2023-01-13,East,Office Supplies,Home Office,800,196
1014,2023-01-14,West,Technology,Consumer,825,204
1015,2023-01-15,North,Furniture,Corporate,850,212
1016,2023-01-16,South,Technology,Consumer,875,220
1017,2023-01-17,East,Furniture,Corporate,900,228
1018,2023-01-18,West,Office Supplies,Home Office,925,236
1019,2023-01-19,North,Technology,Consumer,950,244
1020,2023-01-20,South,Furniture,Corporate,975,252
1021,2023-01-21,East,Technology,Consumer,1000,260
1022,2023-01-22,West,Furniture,Corporate,1025,268
1023,2023-01-23,North,Office Supplies,Home Office,1050,276
1024,2023-01-24,South,Technology,Consumer,1075,284
1025,2023-01-25,East,Furniture,Corporate,1100,292
1026,2023-01-26,West,Technology,Consumer,1125,300
1027,2023-01-27,North,Furniture,Corporate,1150,308
1028,2023-01-28,South,Office Supplies,Home Office,1175,316
1029,2023-01-29,East,Technology,Consumer,1200,324
1030,2023-01-30,West,Furniture,Corporate,1225,332
1031,2023-01-31,North,Technology,Consumer,1250,340
1032,2023-02-01,South,Furniture,Corporate,1275,348
1033,2023-02-02,East,Office Supplies,Home Office,1300,356
1034,2023-02-03,West,Technology,Consumer,1325,364
1035,2023-02-04,North,Furniture,Corporate,1350,372
1036,2023-02-05,South,Technology,Consumer,1375,380
1037,2023-02-06,East,Furniture,Corporate,1400,388
1038,2023-02-07,West,Office Supplies,Home Office,1425,396
1039,2023-02-08,North,Technology,Consumer,1450,404
1040,2023-02-09,South,Furniture,Corporate,1475,412
1041,2023-02-10,East,Technology,Consumer,1500,420
1042,2023-02-11,West,Furniture,Corporate,1525,428
1043,2023-02-12,North,Office Supplies,Home Office,1550,436
1044,2023-02-13,South,Technology,Consumer,1575,444
1045,2023-02-14,East,Furniture,Corporate,1600,452
1046,2023-02-15,West,Technology,Consumer,1625,460
1047,2023-02-16,North,Furniture,Corporate,1650,468
1048,2023-02-17,South,Office Supplies,Home Office,1675,476
1049,2023-02-18,East,Technology,Consumer,1700,484
1050,2023-02-19,West,Furniture,Corporate,1725,492
